序号,代码,名称,最新价,涨跌幅,涨跌额,成交量,成交额,振幅,最高,最低,今开,昨收,量比,换手率,市盈率-动态,市净率,总市值,流通市值,涨速,5分钟涨跌,60日涨跌幅,年初至今涨跌幅
1,871634,新威凌,28.08,30.0,6.48,119471,319228173.3,30.93,28.08,21.4,21.4,21.6,3.34,36.45,48.38,6.68,1790438252,920484190,0.0,0.0,19.49,85.96
2,871245,威博液压,57.69,29.99,13.31,18558,97281270.87,32.85,57.69,43.11,43.42,44.38,2.35,7.62,96.59,8.44,2872962000,1405041450,0.0,0.0,114.54,51.02
3,835579,机科股份,32.21,29.98,7.43,192341,568555677.3,30.99,32.21,24.53,25.0,24.78,3.06,43.15,263.97,7.99,4170550800,1435742068,0.0,0.0,21.04,73.36
4,833030,立方控股,37.03,29.98,8.54,177273,635686044.66,15.69,37.03,32.56,32.99,28.49,2.75,31.69,-27.6,6.33,3415767029,2071689860,0.0,0.0,58.38,138.9
5,300515,三德科技,20.2,20.02,3.37,238463,466956210.86,14.62,20.2,17.74,17.74,16.83,2.48,12.97,39.94,5.6,4156240900,3712516954,0.0,0.0,64.09,69.61
6,300938,信测标准,38.5,20.01,6.42,291345,1065811374.71,20.95,38.5,31.78,31.9,32.08,4.38,25.85,32.54,5.62,6207167698,4339703522,0.0,0.0,75.0,49.92
7,300953,震裕科技,173.41,20.0,28.9,138744,2263635202.25,20.7,173.41,143.5,144.4,144.51,2.03,16.44,89.91,6.1,20667800446,14632496551,0.0,0.0,136.61,149.01
8,301225,恒勃股份,37.64,19.99,6.27,121527,435663419.78,20.66,37.64,31.16,31.16,31.37,5.54,40.27,33.74,2.73,3891223200,1135975200,0.0,0.0,30.69,41.82
9,300248,新开普,16.75,19.99,2.79,1152732,1910619991.64,7.38,16.75,15.72,16.0,13.96,4.56,28.17,576.75,3.85,7978835583,6853335513,0.0,0.0,36.07,72.86
10,831856,浩淼科技,37.38,19.81,6.18,194962,683815149.33,33.78,39.9,29.36,29.9,31.2,1.28,40.69,121.36,6.99,3232575787,1791209491,-0.32,0.21,180.42,345.53
11,300611,美力科技,25.0,17.26,3.68,539725,1242619259.29,23.17,25.29,20.35,20.9,21.32,1.34,36.39,51.02,4.98,5276867000,3707574500,-0.75,0.85,115.52,136.52
12,301268,铭利达,21.18,17.08,3.09,156645,306567732.69,21.5,21.65,17.76,18.0,18.09,4.65,8.7,-66.12,3.79,8472238953,3812542584,-0.09,0.38,1.44,27.74
13,301379,天山电子,30.99,16.5,4.39,194576,577846359.99,20.6,31.88,26.4,26.4,26.6,3.89,20.83,29.24,3.12,4396737240,2895256245,0.1,0.13,50.51,53.42
14,836263,中航泰达,18.0,15.53,2.42,231927,378516433.31,36.14,19.88,14.25,14.29,15.58,1.76,22.61,32.71,4.34,2542372128,1846687266,-0.77,-0.17,75.44,136.22
15,301368,丰立智能,97.0,15.2,12.8,226049,2085395425.06,21.19,101.04,83.2,84.0,84.2,1.33,35.25,552.17,11.94,11649700000,6219779680,-1.02,-1.54,80.6,110.18
16,838670,恒进感应,23.0,14.71,2.95,157395,358759888.9,28.88,25.98,20.19,20.2,20.05,2.07,23.85,107.7,6.84,3082000000,1518066700,-0.43,-1.63,10.0,47.15
17,688053,思科瑞,32.23,14.41,4.06,68983,216082465.0,21.16,33.8,27.84,28.0,28.17,3.02,15.94,-151.65,2.0,3223000000,1394714574,0.03,0.16,-4.93,13.89
18,300260,新莱应材,27.73,12.0,2.97,499605,1366699036.89,16.16,28.86,24.86,25.02,24.76,5.17,17.37,45.34,5.67,11308481233,7976172485,0.04,-0.32,0.84,2.36
19,871553,凯腾精工,10.19,11.98,1.09,143581,142125098.76,18.68,10.66,8.96,9.03,9.1,2.57,15.63,65.86,4.24,1464205787,936106571,0.0,0.1,-8.86,46.62
20,830839,万通液压,28.38,11.6,2.95,57406,155949240.24,14.79,28.57,24.81,25.31,25.43,1.27,8.82,23.34,5.8,3383321700,1847293223,-0.14,2.2,35.98,76.71
21,688685,迈信林,69.25,11.53,7.16,97215,642745313.0,13.16,69.37,61.2,62.0,62.09,1.06,6.68,222.41,13.47,10070796690,10070796690,0.36,1.32,98.42,108.65
22,688288,鸿泉物联,24.74,11.44,2.54,78234,189113829.0,17.66,26.3,22.38,22.38,22.2,3.05,7.77,-714.7,3.43,2489930581,2489930581,0.0,0.28,35.34,53.66
23,300840,酷特智能,28.82,11.1,2.88,1059487,3195306166.1,9.95,31.13,28.55,31.13,25.94,5.76,61.88,33.28,5.21,6916800000,4934160695,-0.07,-0.83,45.34,43.96
24,300469,信息发展,33.8,11.07,3.37,296022,996885395.86,19.75,36.44,30.43,30.68,30.43,2.24,11.93,-96.64,16.38,8390472251,8390260325,0.81,0.81,5.3,43.83
25,300148,天舟文化,5.55,11.0,0.55,2991988,1697081748.44,21.0,6.0,4.95,5.02,5.0,2.25,37.32,165.87,4.88,4636133354,4449042809,-0.18,-0.36,24.72,52.89
26,301550,斯菱股份,143.55,10.36,13.47,73547,1045426798.27,16.45,152.0,130.6,130.6,130.08,1.58,13.39,86.55,9.3,15790500000,7885445535,0.0,0.22,112.67,97.21
27,000509,华塑控股,3.69,10.15,0.34,365955,132474755.5,11.94,3.69,3.29,3.37,3.35,3.74,3.41,-240.83,29.17,3959842512,3959830542,0.0,0.0,-2.12,10.81
28,838810,春光药装,21.5,10.14,1.98,88275,183622158.72,30.53,24.88,18.92,19.17,19.52,0.73,19.8,-25.46,6.31,1472750000,958401587,0.0,-1.83,63.5,148.84
29,002162,悦心健康,4.35,10.13,0.4,903804,379553739.22,10.38,4.35,3.94,3.98,3.95,0.94,9.82,-27.25,4.82,4008891718,4005031963,0.0,0.0,14.78,25.72
30,873570,坤博精工,42.5,10.1,3.9,49807,209716182.5,17.72,44.87,38.03,38.5,38.6,2.35,22.25,116.04,5.64,1938379483,951562335,-0.65,-0.4,-4.28,41.76
31,600302,标准股份,5.67,10.1,0.52,363757,197754822.0,11.84,5.67,5.06,5.1,5.15,0.97,10.51,-30.85,2.61,1961875589,1961875589,0.0,0.0,-0.53,17.88
32,601956,东贝集团,5.69,10.06,0.52,126900,72205986.0,0.0,5.69,5.69,5.69,5.17,0.29,2.05,25.66,1.43,3537939808,3519993605,0.0,0.0,6.36,17.81
33,600397,安源煤业,5.69,10.06,0.52,465871,258545763.0,10.44,5.69,5.15,5.15,5.17,1.9,4.71,-22.71,16.72,5632871729,5632871729,0.0,0.0,107.66,34.83
34,605069,正和生态,9.63,10.06,0.88,301280,284378355.0,9.94,9.63,8.76,9.0,8.75,4.02,35.8,384.2,1.95,2038649602,810473107,0.0,0.0,9.81,26.21
35,002093,国脉科技,9.96,10.06,0.91,142110,141541659.6,0.0,9.96,9.96,9.96,9.05,0.86,1.41,50.81,2.76,10034700000,10028387850,0.0,0.0,20.29,27.69
36,600361,创新新材,4.27,10.05,0.39,1329318,560469451.0,7.22,4.27,3.99,3.99,3.88,3.6,7.97,16.64,1.66,17538751229,7118119015,0.0,0.0,5.69,10.62
37,002114,罗平锌电,7.12,10.05,0.65,214394,149858031.64,10.2,7.12,6.46,6.46,6.47,0.71,6.63,-24.52,2.4,2302574301,2302542660,0.0,0.0,0.71,26.24
38,603158,腾龙股份,10.41,10.04,0.95,272842,278152936.0,10.68,10.41,9.4,9.46,9.46,1.22,5.56,16.21,2.28,5109220775,5109220775,0.0,0.0,25.72,28.84
39,002253,川大智胜,13.7,10.04,1.25,317027,431129845.2,4.18,13.7,13.18,13.7,12.45,2.34,15.26,-85.75,2.63,3091077502,2846442561,0.0,0.0,-17.91,-0.87
40,000409,云鼎科技,15.68,10.04,1.43,1417305,2212392446.28,6.32,15.68,14.78,15.68,14.25,2.42,33.48,98.72,7.08,10635281518,6638022082,0.0,0.0,53.42,75.98
41,603300,海南华铁,12.83,10.03,1.17,8401745,10556058892.0,5.75,12.83,12.16,12.3,11.66,3.76,42.59,38.99,4.18,25311126525,25311126525,0.0,0.0,121.97,121.97
42,002196,方正电机,8.01,10.03,0.73,849349,675399459.37,7.42,8.01,7.47,7.48,7.28,1.65,17.39,331794.88,2.73,3971934159,3912167360,0.0,0.0,27.14,49.44
43,000903,云内动力,4.06,10.03,0.37,2291379,917236364.16,5.69,4.06,3.85,3.85,3.69,2.86,11.93,-18.3,3.0,7916062842,7796262291,0.0,0.0,0.0,18.02
44,600301,华锡有色,23.71,10.02,2.16,239378,559999156.0,9.14,23.71,21.74,21.74,21.55,1.21,8.69,20.82,3.87,14998174927,6528208997,0.0,0.0,26.12,39.39
45,002937,兴瑞科技,24.04,10.02,2.19,140627,329691720.43,8.51,24.04,22.18,22.26,21.85,1.21,4.74,27.9,4.82,7158567614,7134709837,0.0,0.0,38.56,42.25
46,605303,园林股份,9.88,10.02,0.9,82286,80172596.0,10.47,9.88,8.94,9.0,8.98,1.6,5.1,-18.24,1.38,1593025591,1593025591,0.0,0.0,10.64,30.34
47,600367,红星发展,15.26,10.02,1.39,318540,482352202.0,6.92,15.26,14.3,14.3,13.87,1.54,9.89,67.92,2.2,5205657565,4913310757,0.0,0.0,22.08,32.24
48,000665,湖北广电,5.27,10.02,0.48,175169,92314089.35,0.0,5.27,5.27,5.27,4.79,0.55,1.54,-12.85,1.24,5992777839,5992571439,0.0,0.0,22.84,14.57
49,605118,力鼎光电,21.41,10.02,1.95,130818,274924530.0,11.46,21.41,19.18,19.3,19.46,3.09,3.21,56.49,6.05,8716353560,8716353560,0.0,0.0,31.43,20.21
50,001268,联合精密,22.18,10.02,2.02,72407,157008651.42,10.81,22.18,20.0,20.26,20.16,3.41,18.06,35.75,2.41,2393961348,889396574,0.0,0.0,14.51,27.03
51,002361,神剑股份,6.15,10.02,0.56,1075079,654277055.1,10.73,6.15,5.55,5.58,5.59,1.93,13.41,150.2,2.63,5848865059,4931826352,0.0,0.0,38.83,12.84
52,002760,凤形股份,21.97,10.02,2.0,212277,456457292.36,9.36,21.97,20.1,20.82,19.97,5.89,19.66,124.58,2.68,2372511871,2372511871,0.0,0.0,12.44,29.24
53,605208,永茂泰,15.71,10.01,1.43,488536,742456336.0,13.24,15.71,13.82,14.0,14.28,0.95,14.81,108.15,2.47,5183357400,5183357400,0.0,0.0,97.11,103.76
54,600588,用友网络,20.0,10.01,1.82,3530333,6899669475.0,7.92,20.0,18.56,19.44,18.18,2.54,10.33,-35.22,7.82,68339948180,68339948180,0.0,0.0,58.73,86.39
55,002943,宇晶股份,21.1,10.01,1.92,106826,217469995.52,11.78,21.1,18.84,19.18,19.18,5.03,8.1,101.87,3.42,4322832749,2782757696,0.0,0.0,3.74,6.35
56,300819,聚杰微纤,21.32,10.01,1.94,208727,442632384.48,14.4,22.8,20.01,20.38,19.38,4.4,15.49,41.22,3.66,3181050600,2873131170,-0.09,-0.79,40.17,64.0
57,001311,多利科技,32.09,10.01,2.92,107346,333918810.18,10.32,32.09,29.08,29.08,29.17,3.58,17.71,16.82,1.71,7664803488,1945470594,0.0,0.0,15.97,24.43
58,001333,光华股份,25.39,10.01,2.31,73455,182395239.46,8.19,25.39,23.5,23.98,23.08,1.12,16.69,25.44,1.99,3249920000,1117160000,0.0,0.0,33.07,46.68
59,003033,征和工业,47.94,10.0,4.36,135119,621631551.06,13.63,47.94,42.0,42.17,43.58,1.45,16.76,30.06,3.21,3919095000,3863874160,0.0,0.0,52.92,78.55
60,600602,云赛智联,27.16,10.0,2.47,2216512,5711681753.0,14.3,27.16,23.63,24.69,24.69,1.69,20.63,176.41,7.89,37146011038,29178069208,0.0,0.0,83.27,71.68
61,603585,苏利股份,14.96,10.0,1.36,104865,153316422.0,9.49,14.96,13.67,14.0,13.6,3.44,5.83,240.41,1.16,2750446759,2692850759,0.0,0.0,-5.44,24.98
62,601020,华钰矿业,22.55,10.0,2.05,611938,1349997016.0,7.56,22.55,21.0,21.0,20.5,0.64,7.46,90.66,5.66,18490203940,18490203940,0.0,0.0,54.45,78.68
63,600961,株冶集团,9.02,10.0,0.82,755840,674928684.0,8.78,9.02,8.3,8.3,8.2,5.81,10.05,12.48,3.61,9677311781,6781347830,0.0,0.0,4.64,14.61
64,600714,金瑞矿业,12.87,10.0,1.17,363487,461321425.0,8.46,12.87,11.88,11.9,11.7,1.59,12.61,115.73,4.87,3708828634,3708828634,0.0,0.0,33.64,32.41
65,001256,炜冈科技,22.0,10.0,2.0,31392,67797312.55,10.1,22.0,19.98,19.98,20.0,0.69,7.67,29.36,2.77,3137476276,900743360,0.0,0.0,27.76,38.36
66,603048,浙江黎明,23.0,10.0,2.09,269306,603162662.0,14.2,23.0,20.03,23.0,20.91,11.17,18.34,68.89,2.67,3378240000,3378240000,0.0,0.0,52.02,55.41
67,001288,运机集团,35.56,9.99,3.23,180446,629535122.68,9.12,35.56,32.61,32.61,32.33,3.28,23.35,52.84,2.97,5933929773,2748531648,0.0,0.0,19.25,16.4
68,001319,铭科精技,33.7,9.99,3.06,265184,866934544.1,8.81,33.7,31.0,31.25,30.64,3.69,43.5,46.7,3.79,4765180000,2054587900,0.0,0.0,33.73,34.0
69,002755,奥赛康,16.63,9.99,1.51,203642,330235949.9,9.52,16.63,15.19,15.25,15.12,2.12,2.19,91.14,5.17,15435306637,15435160709,0.0,0.0,17.86,30.84
70,002757,南兴股份,24.45,9.99,2.22,53180,130023877.5,0.0,24.45,24.45,24.45,22.23,0.22,1.89,26.15,3.03,7223897073,6896218368,0.0,0.0,56.33,57.44
71,600860,京城股份,14.76,9.99,1.34,349477,491890567.0,11.1,14.76,13.27,13.49,13.42,1.41,8.03,-377.34,7.65,8083549983,6424015995,0.0,0.0,32.14,46.43
72,002105,信隆健康,7.72,9.97,0.7,655098,496159033.31,6.98,7.72,7.23,7.28,7.02,2.8,17.97,2544.1,3.16,2841423200,2813723647,0.0,0.0,39.35,54.71
73,600168,武汉控股,4.98,9.93,0.45,45156,22487932.0,0.0,4.98,4.98,4.98,4.53,0.53,0.45,51.05,0.94,4947119894,4947119894,0.0,0.0,0.0,12.42
74,600728,佳都科技,6.42,9.93,0.58,754741,484543549.0,0.0,6.42,6.42,6.42,5.84,1.27,3.52,-53.44,1.84,13756802868,13756802868,0.0,0.0,25.64,37.18
75,600228,返利科技,5.65,9.92,0.51,882291,489509587.0,9.73,5.65,5.15,5.15,5.14,4.16,21.17,-541.08,4.63,2368888930,2354181878,0.0,2.17,-18.82,-8.43
76,600281,华阳新材,4.1,9.92,0.37,411324,162535424.0,11.53,4.1,3.67,3.73,3.73,0.83,8.0,-18.04,13.25,2109048303,2109048303,0.0,0.0,2.76,25.38
77,603039,泛微网络,81.5,9.82,7.29,129355,1038368185.0,7.14,81.63,76.33,81.63,74.21,2.46,4.96,184.74,10.35,21239150450,21239150450,0.2,-0.16,72.23,66.33
78,688306,均普智能,13.65,9.81,1.22,740025,971116445.0,15.77,14.18,12.22,12.23,12.43,1.63,15.81,1977.36,9.54,16766060220,6390695220,-0.15,-0.15,56.54,76.13
79,300723,一品红,23.03,9.77,2.05,216498,502411405.28,16.16,24.5,21.11,21.36,20.98,2.88,5.12,-31.65,4.77,10402484401,9737519705,-0.17,-0.13,25.23,34.99
80,870976,视声智能,33.66,9.71,2.98,129129,452338941.21,30.28,38.98,29.69,30.0,30.68,2.55,50.09,37.7,8.88,2388291444,867741336,0.21,1.32,31.69,78.47
81,601100,恒立液压,95.0,9.6,8.32,203522,1857655940.0,10.72,95.35,86.06,86.75,86.68,1.1,1.52,53.33,8.45,127377994240,127377994240,0.0,0.52,77.11,80.03
82,300630,*ST普利,2.76,9.52,0.24,732923,197372188.81,18.65,2.94,2.47,2.49,2.52,1.33,21.67,-9.52,0.45,1246901001,933689387,-0.36,-0.72,-70.45,-59.47
83,300553,集智股份,45.74,9.48,3.96,159469,727579113.17,12.81,47.82,42.47,42.47,41.78,2.88,30.09,204.27,4.9,3710442293,2423957544,0.07,-0.09,59.1,66.33
84,300643,万通智控,15.07,9.28,1.28,280368,408139785.52,11.02,15.26,13.74,13.88,13.79,3.83,12.18,30.78,3.16,3477240663,3469475846,-0.2,0.13,10.16,26.0
85,000581,威孚高科,23.46,9.01,1.94,773449,1793037741.68,11.48,23.67,21.2,21.39,21.52,2.59,9.39,13.73,1.2,23389298434,19326350768,-0.17,0.13,29.33,24.26
86,603822,嘉澳环保,61.7,9.01,5.1,72129,432816326.0,11.84,62.26,55.56,57.5,56.6,2.99,9.39,-26.44,5.26,4740157166,4740157166,-0.29,-0.29,15.65,26.54
87,605088,冠盛股份,39.6,9.0,3.27,103933,408476091.0,9.63,39.96,36.46,36.6,36.33,1.43,5.87,24.51,3.17,7210732439,7005604439,-0.13,-0.38,62.49,57.89
88,300605,恒锋信息,17.8,8.94,1.46,444921,805817145.86,16.71,19.61,16.88,16.96,16.34,5.13,39.15,-89.2,5.54,2928161926,2023101186,-0.28,2.24,29.93,52.01
89,832089,禾昌聚合,17.86,8.9,1.46,154437,268766075.21,15.79,18.59,16.0,16.2,16.4,1.08,16.52,16.93,2.41,2690930480,1669924627,0.11,-0.17,21.5,58.47
90,873665,科强股份,14.89,8.85,1.21,66755,95438917.22,11.62,14.99,13.4,13.68,13.68,1.98,17.13,23.37,2.73,1935551100,580248410,1.09,1.43,-0.07,44.56
91,688068,热景生物,93.3,8.84,7.58,50545,463576865.0,16.54,99.18,85.0,85.72,85.72,1.17,5.47,-48.14,2.8,8627888764,8627888764,0.48,0.11,76.04,50.87
92,688369,致远互联,39.5,8.82,3.2,226336,895289688.0,16.34,42.84,36.91,42.84,36.3,3.46,19.65,-27.13,4.08,4548758341,4548758341,-2.57,3.78,67.44,96.81
93,605318,法狮龙,22.57,8.72,1.81,60923,133068518.0,8.77,22.57,20.75,20.96,20.76,2.38,4.85,-173.69,3.72,2837704162,2837704162,0.09,0.58,16.46,9.56
94,831832,科达自控,37.79,8.65,3.01,136971,524949100.29,20.18,41.8,34.78,34.78,34.78,1.55,22.03,60.71,4.09,2920411200,2349903846,0.24,0.61,16.35,77.58
95,920008,成电光信,41.04,8.63,3.26,75290,310682972.73,18.24,44.68,37.79,37.79,37.78,1.4,24.27,39.14,8.53,2616300000,1272970881,-0.05,-0.12,14.38,34.12
96,002155,湖南黄金,22.38,8.59,1.77,1237141,2748737726.89,9.56,22.67,20.7,20.81,20.61,1.38,10.29,30.26,4.0,26901643428,26898920744,0.0,0.13,21.37,42.28
97,688433,华曙高科,54.0,8.59,4.27,62508,326946759.0,21.48,57.68,47.0,48.7,49.73,1.21,3.12,333.23,11.51,22365115200,10824139620,3.41,3.41,132.56,131.36
98,300895,铜牛信息,52.74,8.56,4.16,277983,1417355718.26,24.76,58.1,46.07,47.52,48.58,1.53,20.12,-86.79,8.22,7425826650,7287204676,-0.02,-0.13,48.73,49.36
99,301255,通力科技,50.85,8.49,3.98,91313,448160131.66,12.1,51.3,45.63,46.41,46.87,1.17,33.57,95.09,5.36,5532480000,1383120000,0.0,-0.22,38.86,54.56
100,301005,超捷股份,35.29,8.42,2.74,210393,746663591.62,19.57,39.06,32.69,32.69,32.55,3.27,15.89,140.02,6.21,4759278180,4671400328,0.0,-0.08,14.06,20.65
101,688333,铂力特,90.0,8.38,6.96,191108,1711346202.0,17.22,95.8,81.5,83.0,83.04,2.11,7.03,325.78,5.08,24459137640,24459137640,1.01,1.03,95.74,128.25
102,688385,复旦微电,50.45,8.38,3.9,313032,1553744237.0,12.85,52.0,46.02,46.13,46.55,1.64,5.83,72.38,7.03,41441007285,27096558785,0.0,0.04,25.31,31.41
103,300475,香农芯创,40.6,8.27,3.1,956735,3802107628.87,13.81,42.0,36.82,37.02,37.5,1.52,21.73,38.24,6.29,18577170140,17873775140,0.0,0.12,38.0,42.51
104,600531,豫光金铅,7.48,8.25,0.57,1510266,1121499933.0,9.55,7.6,6.94,6.94,6.91,5.54,13.85,11.04,1.56,8155014902,8155014902,0.0,0.0,9.68,16.51
105,600590,泰豪科技,11.63,8.19,0.88,1698243,1934983824.0,9.12,11.78,10.8,11.0,10.75,1.63,20.13,-37.16,3.03,9918875193,9810713552,1.22,0.95,114.97,114.58
106,300956,英力股份,23.66,8.14,1.78,218571,513348919.49,15.31,25.0,21.65,21.8,21.88,2.93,24.42,516.89,3.08,4247515363,2117970777,-0.29,-0.21,26.39,4.69
107,300503,昊志机电,29.78,8.13,2.24,520024,1493780636.28,10.09,29.99,27.21,27.21,27.54,1.74,21.75,84.57,7.68,9114849056,7120019854,-0.03,-0.03,45.2,57.4
108,830896,旺成科技,24.01,8.1,1.8,85718,199322530.41,13.46,24.4,21.41,21.78,22.21,1.45,19.31,50.5,5.86,2430394002,1066087458,0.21,0.54,19.69,70.28
109,839167,同享科技,25.66,8.09,1.92,79311,195436822.71,9.9,25.68,23.33,23.99,23.74,1.69,12.15,34.08,4.45,2815059168,1674942053,-0.08,0.71,0.59,33.99
110,301007,德迈仕,28.2,8.09,2.11,359988,991708046.03,9.85,28.76,26.19,26.46,26.09,1.76,23.95,79.18,6.58,4324188000,4238159332,-0.49,0.0,59.59,53.43
111,000504,南华生物,10.89,8.04,0.81,142730,150621407.6,9.23,10.98,10.05,10.07,10.08,1.71,4.59,-320.48,14.45,3593951537,3383182154,0.0,-0.46,2.35,30.42
112,301210,金杨股份,81.61,8.02,6.06,84811,698956517.53,16.06,88.0,75.87,75.98,75.55,1.16,27.12,137.89,3.7,6729263213,2551863580,0.06,-1.25,139.19,165.57
113,002149,西部材料,21.8,7.97,1.61,492165,1069831735.55,8.72,22.21,20.45,20.45,20.19,2.26,10.08,57.91,3.61,10643071173,10641436173,0.23,-0.68,36.51,23.16
114,301413,安培龙,108.25,7.97,7.99,60799,640670566.4,10.96,110.0,99.01,99.01,100.26,1.25,10.57,128.04,8.97,10652014876,6226533613,-0.14,0.25,86.48,102.3
115,688768,容知日新,57.78,7.94,4.25,28778,161664666.0,10.22,58.35,52.88,52.88,53.53,1.19,3.53,47.0,4.81,5051552456,4716353053,0.0,0.03,59.04,59.0
116,688282,*ST导航,37.1,7.82,2.69,24318,89850721.0,13.78,38.88,34.14,34.48,34.41,3.24,6.66,-782.81,2.55,3264800000,1354892000,-0.27,-0.59,21.76,20.06
117,300167,*ST迪威,2.77,7.78,0.2,291417,77858634.74,8.95,2.78,2.55,2.55,2.57,1.37,8.17,-25.93,-102.9,998723500,988204425,0.0,0.0,27.06,21.49
118,605196,华通线缆,13.35,7.75,0.96,321452,428552277.0,9.77,13.63,12.42,12.5,12.39,1.13,6.29,18.43,2.22,6828295126,6820258426,0.23,-0.07,12.28,14.3
119,833427,华维设计,15.05,7.73,1.08,96420,148468267.64,18.68,16.97,14.36,14.37,13.97,2.8,19.05,76.05,4.57,1551579750,761833468,-0.13,1.14,1.07,36.82
120,688281,华秦科技,94.51,7.73,6.78,40914,385859721.0,15.38,99.54,86.05,87.01,87.73,1.83,3.36,44.44,4.04,18400467469,11500292369,0.0,0.01,-1.0,1.65
121,603678,火炬电子,34.4,7.53,2.41,233391,800511114.0,10.97,35.19,31.68,31.68,31.99,2.21,5.09,52.33,2.9,15766974398,15766974398,-0.06,-0.58,14.1,12.79
122,832469,富恒新材,15.74,7.51,1.1,171058,264359055.48,14.07,16.49,14.43,14.63,14.64,1.92,17.46,42.28,4.61,2218490040,1541718063,-0.13,0.0,2.54,35.69
123,301023,江南奕帆,75.95,7.5,5.3,55371,417154770.07,14.71,79.78,69.39,69.95,70.65,1.45,18.56,44.26,5.37,4253218988,2265428321,-0.04,-0.42,49.04,60.91
124,833914,远航精密,20.47,7.45,1.42,120522,245254287.15,16.22,21.87,18.78,18.86,19.05,1.69,12.05,22.69,2.24,2047000000,2047000000,-0.15,-0.53,19.99,27.78
125,301261,恒工精密,83.0,7.37,5.7,56551,456154533.46,11.05,84.75,76.21,76.6,77.3,1.04,14.92,56.91,4.67,7294886268,3144886268,1.12,2.47,87.4,100.58
126,603992,松霖科技,25.07,7.37,1.72,91653,223943059.0,8.95,25.4,23.31,23.35,23.35,1.87,2.18,23.97,3.37,10742197093,10537776313,0.12,0.16,24.79,35.73
127,600238,海南椰岛,6.94,7.26,0.47,709033,485657760.0,11.9,7.12,6.35,6.41,6.47,1.48,15.93,-230.77,13.26,3110508000,3088310965,0.14,1.76,-27.48,-9.16
128,301500,飞南资源,20.94,7.22,1.41,158726,340185953.3,18.48,22.98,19.37,19.41,19.53,5.23,16.42,34.91,1.84,8419990291,2024623079,0.0,0.14,4.75,16.33
129,603119,浙江荣泰,37.78,7.21,2.54,220656,809031200.0,11.12,38.47,34.55,34.58,35.24,1.16,10.82,61.88,7.78,13742178427,7702566868,0.03,-0.13,80.33,68.74
130,301128,强瑞技术,93.98,7.2,6.31,60172,546269871.01,12.05,95.99,85.43,86.6,87.67,0.93,21.02,65.62,8.13,6943864736,2689724610,-0.02,0.3,74.75,64.88
131,300815,玉禾田,17.46,7.18,1.17,211076,363458909.38,9.09,17.74,16.26,16.28,16.29,4.07,5.42,10.53,1.73,6959416320,6801963926,0.11,0.06,7.51,11.99
132,836720,吉冈精密,23.36,7.16,1.56,124089,280671768.84,11.74,23.79,21.23,21.57,21.8,1.43,24.27,57.65,9.28,4443525184,1194503298,0.26,-0.17,3.59,51.69
133,002158,汉钟精机,20.68,7.15,1.38,350406,720505313.12,10.47,21.23,19.21,19.21,19.3,5.79,6.57,12.5,2.61,11058095195,11034892441,-0.1,0.24,4.82,11.66
134,000700,模塑科技,7.95,7.14,0.53,1418207,1143694407.96,9.3,8.16,7.47,7.47,7.42,3.97,15.45,10.15,2.13,7298222343,7298222343,0.0,0.13,11.66,16.91
135,688519,南亚新材,32.42,7.14,2.16,75177,239483358.0,12.52,33.39,29.6,30.0,30.26,1.68,3.24,148.78,3.18,7731639933,7530960133,-0.06,-0.03,50.16,52.49
136,831195,三祥科技,15.48,7.13,1.03,81023,124267484.43,10.38,15.95,14.45,14.75,14.45,2.02,11.45,18.8,2.06,1517504400,1095349088,-0.13,-0.13,3.34,40.98
137,001309,德明利,154.66,7.12,10.28,128857,1956629184.46,12.43,158.82,140.88,142.32,144.38,1.25,14.7,44.5,9.89,25019761452,13553807423,-0.09,-0.1,97.67,77.36
138,600151,航天机电,7.7,7.09,0.51,846363,648587248.0,10.99,7.91,7.12,7.18,7.19,3.42,5.9,-155.19,2.28,11043742610,11043742610,-0.13,-0.52,-6.78,-3.51
139,002110,三钢闽光,4.38,7.09,0.29,687583,295886709.31,9.78,4.43,4.03,4.08,4.09,1.31,2.83,-6.0,0.56,10639353874,10639353874,0.23,0.0,19.67,31.93
140,873726,卓兆点胶,30.17,7.06,1.99,39361,115059662.78,8.98,30.5,27.97,28.69,28.18,1.47,16.92,-90.29,4.35,2476270512,701807179,0.2,0.1,-3.73,45.19
141,836208,青矩技术,42.82,7.05,2.82,81557,367961426.21,15.18,48.08,42.01,42.01,40.0,2.14,13.49,16.84,4.19,4113790965,2588942803,-0.14,-0.79,12.98,37.6
142,300984,金沃股份,77.77,7.05,5.12,70027,547585679.4,13.57,82.5,72.64,72.8,72.65,1.56,12.18,240.98,7.07,6863124886,4470639402,0.49,-0.13,104.12,93.46
143,301392,汇成真空,97.4,7.04,6.41,47283,444252992.09,11.48,98.98,88.53,90.65,90.99,1.55,21.01,113.28,13.27,9740000000,2191500000,-0.1,-0.2,26.41,57.71
144,603319,湘油泵,42.78,6.95,2.78,284718,1188511267.0,10.9,43.56,39.2,40.4,40.0,1.09,12.36,51.48,4.54,9880928685,9858124720,-0.05,0.0,57.86,117.16
145,002734,利民股份,9.7,6.95,0.63,323035,307311885.68,8.93,9.83,9.02,9.03,9.07,1.92,9.95,52.13,1.43,3558643608,3148948151,0.21,0.1,14.25,21.71
146,301320,豪江智能,18.5,6.94,1.2,221924,424409066.68,19.65,20.69,17.29,17.29,17.3,5.23,32.78,56.96,3.19,3352200000,1252450000,0.0,-0.11,11.85,24.08
147,688102,斯瑞新材,10.64,6.93,0.69,304090,318523935.0,9.45,10.79,9.85,9.91,9.95,3.82,7.27,66.01,6.96,7738875150,4450559295,0.28,0.19,15.4,21.18
148,002697,红旗连锁,5.86,6.93,0.38,1778199,1038345100.92,10.58,6.03,5.45,5.49,5.48,2.76,16.5,15.33,1.84,7969600000,6314621144,-0.17,-0.68,-5.48,-0.85
149,603588,高能环境,5.71,6.93,0.37,1853805,1065628547.0,7.87,5.87,5.45,5.45,5.34,7.89,12.17,11.63,0.91,8697668749,8697668749,0.0,-0.35,6.53,8.97
150,920019,铜冠矿建,24.4,6.92,1.58,101868,246186225.37,12.05,25.0,22.25,22.87,22.82,1.31,23.65,53.61,5.61,5130507480,1050827480,0.0,-0.25,-10.82,24.49
151,000657,中钨高新,10.44,6.86,0.67,916911,954236585.97,9.21,10.75,9.85,9.9,9.77,5.39,7.35,79.36,2.05,21814178466,13021907390,-0.1,-0.1,2.15,13.36
152,300128,锦富技术,6.39,6.86,0.41,1789641,1113144176.59,11.37,6.56,5.88,5.99,5.98,2.15,13.78,-39.4,9.05,8301347483,8301347483,1.11,0.95,8.86,24.08
153,300986,志特新材,17.37,6.83,1.11,199370,342109059.27,9.59,17.78,16.22,16.22,16.26,1.37,8.05,54.42,3.16,4305323771,4300194688,-0.17,0.29,36.99,43.08
154,600698,湖南天雁,6.58,6.82,0.42,958284,622389961.0,12.66,6.78,6.0,6.06,6.16,1.7,11.54,4287.34,9.21,7048627811,5463671883,0.15,0.0,20.51,45.58
155,300901,中胤时尚,13.58,6.76,0.86,95675,126988661.0,7.31,13.58,12.65,12.73,12.72,1.02,3.99,-99.02,3.29,3259200000,3259200000,0.15,0.37,5.68,14.5
156,603171,税友股份,51.82,6.74,3.27,108210,557065006.0,9.08,53.41,49.0,49.0,48.55,2.26,2.67,136.36,8.45,21078471615,21033219800,-0.35,-1.95,62.45,69.9
157,300839,博汇股份,9.05,6.72,0.57,122788,109506807.63,9.79,9.23,8.4,8.47,8.48,1.75,5.11,-10.35,4.19,2221603412,2173869024,0.11,0.22,15.88,25.52
158,600862,中航高科,26.52,6.72,1.67,438035,1153682944.0,9.94,27.15,24.68,24.71,24.85,2.7,3.14,30.38,5.4,36943662318,36943662318,0.04,0.04,10.73,4.99
159,870199,倍益康,29.23,6.72,1.84,52982,151010989.72,9.2,29.69,27.17,27.17,27.39,1.13,14.24,55.29,3.82,1990849454,1087399699,-0.2,-1.08,-1.91,49.06
160,301600,慧翰股份,167.0,6.63,10.38,39092,642403149.59,12.3,172.97,153.7,156.0,156.62,2.44,22.27,65.15,9.32,11715050000,2930850000,0.0,-0.02,86.91,-15.06
161,833454,同心传动,18.4,6.6,1.14,85738,153182910.6,9.5,18.64,17.0,17.0,17.26,1.19,13.57,62.84,6.08,1933840000,1162495900,0.0,0.33,-1.71,58.35
162,002131,利欧股份,4.52,6.6,0.28,17638794,8043909895.8,11.08,4.66,4.19,4.24,4.24,2.91,30.15,-143.88,2.38,30607204535,26447590029,0.0,0.44,-7.38,46.28
163,605333,沪光股份,38.67,6.59,2.39,140322,537941838.0,7.99,39.0,36.1,36.36,36.28,1.64,3.21,28.89,8.62,16890131052,16890131052,-0.05,-0.05,21.18,18.51
164,832651,天罡股份,28.99,6.58,1.79,40060,113505202.13,11.91,29.5,26.26,26.26,27.2,0.82,26.23,17.62,3.52,1768390000,442818510,0.0,-0.31,-7.65,17.13
165,600668,尖峰集团,10.7,6.57,0.66,172439,182294307.0,7.77,10.8,10.02,10.06,10.04,5.64,5.01,39.13,0.73,3681696960,3681696960,0.28,0.38,-0.56,5.42
166,871478,巨能股份,37.46,6.57,2.31,71341,260828383.56,9.5,38.0,34.66,34.66,35.15,1.51,31.02,-1920.13,10.78,2864906974,861580000,0.03,-0.16,2.88,42.27
167,002236,大华股份,19.37,6.55,1.19,4657140,9028331511.54,7.26,20.0,18.68,18.8,18.18,7.99,22.13,18.81,1.78,63836919731,40760693296,0.0,-0.15,20.46,21.06
168,001380,华纬科技,32.7,6.51,2.0,75670,245146741.7,8.53,33.22,30.6,30.71,30.7,1.2,12.72,29.24,3.71,5984413920,1944655920,0.18,0.09,39.86,49.32
169,000933,神火股份,20.29,6.45,1.23,719737,1447390297.76,8.71,20.66,19.0,19.05,19.06,2.0,3.21,9.67,2.18,45639323045,45514304384,0.15,0.15,22.6,20.06
170,830974,凯大催化,9.08,6.45,0.55,102735,91171937.5,7.15,9.09,8.48,8.48,8.53,1.52,7.98,53.95,2.39,1487304000,1169258095,0.0,1.11,-3.09,31.4
171,605068,明新旭腾,14.54,6.44,0.88,78396,111517511.0,7.47,14.58,13.56,13.57,13.66,3.53,4.84,146.27,1.38,2357517577,2357517577,0.28,0.48,3.64,8.1
172,603758,秦安股份,13.9,6.43,0.84,152874,209391476.0,9.72,14.15,12.88,13.0,13.06,1.14,3.48,35.77,2.62,6099278981,6099278981,0.07,0.65,55.13,74.62
173,600063,皖维高新,4.14,6.43,0.25,833256,343073638.0,10.54,4.28,3.87,3.89,3.89,5.63,4.33,32.64,1.05,8713119468,7973204025,0.0,-0.24,-3.94,3.5
174,300657,弘信电子,44.89,6.42,2.71,1264842,5497211213.24,15.84,46.66,39.98,40.78,42.18,1.51,27.7,300.58,16.52,21922482914,20497263211,-0.02,-0.18,105.16,98.1
175,301078,孩子王,15.96,6.4,0.96,940716,1468737773.78,9.13,16.18,14.81,14.97,15.0,1.78,7.55,114.73,4.67,20082820812,19893480150,0.0,-0.13,10.83,40.25
176,002225,濮耐股份,6.33,6.39,0.38,652065,402299198.09,9.75,6.45,5.87,5.9,5.95,1.03,7.9,39.03,1.91,6395947377,5225694564,0.0,-1.56,41.61,27.36
177,300816,艾可蓝,35.51,6.38,2.13,104256,363790597.84,7.4,35.88,33.41,34.0,33.38,2.53,21.56,41.32,3.4,2840800000,1717483869,0.06,0.62,42.38,38.77
178,688071,华依科技,45.49,6.26,2.68,36501,159789966.0,8.5,45.65,42.01,42.4,42.81,1.06,4.3,-83.0,3.93,3857084545,3857084545,-0.13,0.2,64.05,68.79
179,837748,路桥信息,28.7,6.26,1.69,48901,141695309.27,21.29,32.0,26.25,26.6,27.01,2.18,7.84,69.14,6.83,2202438000,1789375403,-0.17,0.07,7.81,47.03
180,300889,爱克股份,16.34,6.24,0.96,76069,121847916.0,8.06,16.5,15.26,15.4,15.38,2.75,7.78,-27.04,1.67,2549040000,1596799948,-0.12,-0.18,8.36,18.49
181,300220,金运激光,18.3,6.21,1.07,248855,458777597.39,15.5,19.58,16.91,17.15,17.23,2.46,16.48,2029.16,45.43,2766960000,2763654068,-0.05,-0.11,5.66,32.8
182,300863,卡倍亿,46.24,6.18,2.69,135162,624331319.63,10.63,48.0,43.37,43.57,43.55,4.14,10.44,35.74,3.72,6240140714,5989090483,-0.02,-0.09,4.5,3.45
183,688167,炬光科技,77.01,6.15,4.46,74804,560165593.0,8.23,77.2,71.23,71.4,72.55,2.48,8.28,-41.0,3.28,6958881121,6958881121,0.0,-0.25,17.25,20.89
184,003019,宸展光电,35.07,6.14,2.03,106452,370849845.02,6.87,35.67,33.4,33.53,33.04,1.35,6.32,28.16,4.13,6125427798,5907653619,0.14,0.03,42.91,37.1
185,603499,翔港科技,27.4,6.08,1.57,73730,197025120.0,7.43,27.63,25.71,26.1,25.83,1.72,3.41,133.15,7.5,5922204490,5922204490,0.0,-0.54,-22.58,6.0
186,600212,绿能慧充,9.26,6.07,0.53,874233,811402646.0,9.51,9.6,8.77,8.81,8.73,1.74,16.98,-1503.34,11.51,6521514392,4767207392,0.0,-0.22,9.85,22.49
187,300311,任子行,8.4,6.06,0.48,2458396,2044238599.03,16.92,8.94,7.6,7.79,7.92,3.93,45.75,-47.83,9.03,5658493260,4514236381,0.0,-0.83,13.36,43.59
188,002851,麦格米特,57.82,6.01,3.28,489865,2812786384.91,8.38,59.37,54.8,54.88,54.54,1.81,10.73,57.55,5.46,31547629696,26393610403,-0.05,-0.21,41.02,-5.92
189,301539,宏鑫科技,20.8,5.96,1.17,90918,188652831.55,11.26,21.72,19.51,19.51,19.63,4.64,24.57,70.76,4.04,3078400000,769600000,0.0,0.05,0.39,12.37
190,000910,大亚圣象,7.84,5.95,0.44,265952,211109088.66,10.54,8.14,7.36,7.39,7.4,10.05,4.86,24.01,0.64,4291596400,4289397280,-0.13,-0.63,-6.56,-0.38
191,603179,新泉股份,49.74,5.92,2.78,163709,803689505.0,10.82,51.2,46.12,46.7,46.96,1.73,3.36,26.52,4.68,24238490813,24238490813,0.0,0.0,8.46,16.49
192,300391,长药控股,6.14,5.86,0.34,358014,217400879.11,9.14,6.29,5.76,5.8,5.8,1.36,10.22,-8.91,152.01,2151063728,2151063728,0.16,0.0,-10.63,21.83
193,000727,冠捷科技,3.12,5.76,0.17,5332066,1674358735.87,11.19,3.25,2.92,2.94,2.95,4.66,11.77,132.54,4.94,14132248978,14132248978,0.0,-0.64,2.97,12.23
194,002010,传化智联,5.52,5.75,0.3,1997658,1119918521.16,10.54,5.74,5.19,5.22,5.22,3.97,7.19,48.63,0.89,15389597204,15344411025,0.0,-0.18,10.62,21.85
195,300007,汉威科技,48.05,5.7,2.59,702462,3308702953.34,9.88,49.0,44.51,45.07,45.46,1.13,24.82,147.89,5.5,15733761993,13596925974,0.13,0.42,141.21,134.96
196,002034,旺能环境,16.96,5.67,0.91,204105,343022315.53,8.1,17.33,16.03,16.06,16.05,2.41,4.81,10.58,1.08,7228567646,7192039402,0.12,0.24,9.92,9.42
197,688097,博众精工,32.01,5.64,1.71,139692,435542128.0,9.47,32.48,29.61,30.03,30.3,1.62,3.15,35.87,3.18,14297194958,14200388715,0.03,-0.31,11.61,21.94
198,301498,乖宝宠物,93.49,5.59,4.95,28189,258935563.5,6.78,94.5,88.5,88.5,88.54,1.58,1.57,59.63,9.39,37400160305,16736759207,0.19,-0.05,39.73,19.37
199,301231,荣信文化,19.47,5.53,1.02,153285,305079721.42,16.64,21.5,18.43,18.5,18.45,5.75,28.44,-49.33,1.87,1643268000,1049433000,-0.26,0.0,-5.02,8.29
200,837006,晟楠科技,32.41,5.47,1.68,152818,500383740.83,20.21,35.79,29.58,30.3,30.73,1.39,44.56,-201.83,9.14,2926208152,1111399701,-0.28,-0.43,5.92,31.75
